BIGF1,BIGF3,BIGF4,BIGFe5,BIGF7,BIGF10,BIGF11,BIGF13,BIGF14,BIGF15,EMPATHY1,EMPATHY3,EMPATHY4,EMPATHY6,EMPATHY7,EMPATHY8,EMPATHY9,EMPATHY12,EMPATHY13,EMPATHY15,sex
5,4,5,4,5,5,4,5,5,4,5,5,3,5,4,5,5,1,3,4,female
4,4,1,4,4,5,4,5,4,2,5,1,3,5,5,3,5,5,3,5,female
1,5,1,5,5,5,5,5,5,5,4,4,2,2,2,4,3,3,3,4,female
2,4,4,2,4,3,3,4,4,2,3,1,2,3,3,3,3,2,3,3,female
4,2,2,2,4,4,3,2,4,2,4,4,3,3,2,3,4,3,3,3,female
2,4,4,3,5,3,3,5,3,3,5,5,5,4,4,4,5,4,4,3,male
4,2,2,4,4,5,4,4,4,4,4,5,3,4,4,2,4,3,4,3,male
2,2,3,4,4,4,4,5,5,5,5,3,3,1,2,1,3,4,2,4,male
2,2,2,2,4,4,4,5,4,3,3,2,2,2,3,3,2,1,2,2,male
2,2,3,2,4,2,3,4,4,3,4,1,1,3,3,2,2,3,1,2,male
5,1,1,3,5,5,2,5,4,2,5,5,4,2,2,2,4,1,3,2,female
4,4,2,4,4,4,2,5,4,3,5,5,2,3,2,1,4,2,2,3,male
3,3,2,4,4,4,4,5,3,4,4,2,2,4,3,2,3,3,2,4,male
4,2,1,2,2,5,4,4,4,2,4,4,4,1,4,4,2,2,3,1,female
4,1,2,4,5,2,2,4,4,2,5,5,5,5,5,5,5,5,5,5,male
2,2,3,3,4,3,3,4,4,4,4,4,3,3,3,4,3,2,2,3,female
4,4,1,4,5,5,5,5,1,5,5,3,1,3,3,1,3,1,1,5,female
2,3,2,2,4,3,2,5,4,2,5,4,1,4,4,1,4,3,3,4,female
4,3,3,4,3,2,4,3,4,3,4,4,1,2,2,2,3,1,2,3,male
5,3,3,4,4,4,4,4,5,3,3,4,4,3,4,4,3,3,4,3,male
2,4,2,2,5,5,4,5,4,3,5,4,4,3,4,1,2,3,3,3,male
3,4,3,3,3,4,3,4,3,3,3,3,2,4,3,2,3,2,2,4,male
2,5,1,2,5,2,5,5,4,4,5,4,2,4,5,4,5,1,2,4,female
4,3,1,4,5,5,5,5,5,4,5,2,2,5,2,3,3,1,2,5,female
3,1,1,4,4,4,4,4,4,4,2,4,4,4,3,4,2,4,3,3,male
4,3,2,3,4,4,4,4,4,4,5,5,5,5,5,5,3,3,3,5,female
1,3,3,2,4,4,2,5,4,2,4,2,3,2,3,2,3,2,2,3,female
5,4,2,4,4,4,5,4,4,3,5,4,3,4,4,4,3,4,2,3,female
4,4,2,4,4,4,4,4,5,5,3,5,5,4,2,3,3,3,3,5,female
2,2,3,1,3,3,2,3,3,2,3,3,3,3,3,3,3,3,3,3,male
3,4,2,4,4,5,4,5,4,5,5,5,2,4,4,1,4,3,1,4,male
2,5,2,4,4,4,4,4,4,4,5,4,2,4,3,2,4,2,2,4,male
5,3,4,2,3,4,3,3,4,2,4,4,4,4,3,4,4,3,4,4,female
2,2,2,2,4,4,2,4,2,4,4,4,4,4,4,4,4,4,5,3,female
3,4,2,4,4,4,4,5,4,3,4,3,5,2,1,4,4,2,5,3,female
3,3,2,3,4,4,3,4,4,3,4,4,3,3,3,2,2,2,3,3,male
4,4,2,3,4,3,4,4,4,3,4,1,4,5,3,3,3,3,3,3,female
5,2,1,2,3,3,3,3,2,1,3,2,3,2,2,1,2,1,2,2,male
4,3,2,4,4,4,3,3,3,3,2,5,2,4,3,3,3,4,2,4,female
4,3,1,2,5,4,4,5,4,3,5,5,3,4,4,5,4,3,3,4,female
2,3,2,4,5,4,4,5,4,5,5,5,4,3,5,3,2,1,3,2,female
4,3,4,3,4,4,3,4,4,3,4,3,3,2,2,2,2,2,3,2,female
4,2,3,4,4,2,2,3,3,2,4,3,4,4,5,5,5,5,4,5,male
2,4,3,5,5,4,2,5,4,4,5,4,3,3,5,3,5,4,4,4,male
3,4,1,4,4,4,4,5,4,4,5,4,1,4,4,2,4,4,2,4,female
3,4,2,3,4,2,2,4,4,4,4,3,3,4,1,2,4,3,3,3,male
5,3,1,2,5,4,5,5,3,2,3,5,1,5,3,2,5,5,2,5,female
2,4,1,2,4,5,5,5,5,2,5,5,5,3,3,2,2,5,5,3,female
2,2,3,4,3,4,3,5,4,4,3,4,3,4,4,4,4,1,2,4,male
4,4,1,1,4,4,4,4,4,4,4,2,4,4,4,2,4,2,2,4,male
5,3,3,3,4,4,4,4,5,5,4,4,4,3,3,4,4,4,1,3,female
4,4,2,4,4,4,4,4,4,4,4,4,2,5,3,3,4,4,3,5,female
3,4,1,4,4,4,4,5,4,4,5,2,2,4,4,4,4,2,1,5,male
4,2,4,2,4,5,4,5,4,3,5,5,4,5,5,4,5,2,2,2,female
2,3,4,3,4,2,4,5,5,4,5,5,5,3,5,5,3,4,5,4,female
3,5,4,4,4,4,4,3,3,3,4,4,4,3,3,3,3,3,4,4,male
5,2,4,3,3,5,4,4,4,3,4,3,4,3,3,4,4,4,4,4,male
4,3,4,2,4,4,3,3,4,3,4,3,4,2,3,3,2,3,2,2,male
2,2,2,4,4,4,2,4,4,3,3,1,2,4,2,1,3,1,2,3,female
5,4,4,3,5,3,4,5,4,4,5,5,5,5,5,5,4,5,5,2,female
4,5,1,4,4,4,5,5,4,4,4,4,3,3,3,2,4,2,1,4,female
2,4,2,4,4,3,4,4,4,3,3,4,3,2,3,3,4,3,4,3,female
4,3,1,5,5,5,5,5,5,5,3,2,1,4,3,3,4,1,2,5,male
3,4,3,3,4,3,4,5,3,4,4,5,5,5,5,4,5,5,5,3,female
3,3,2,3,2,3,3,4,3,3,3,3,4,4,4,3,4,4,4,4,female
4,3,4,5,4,5,3,5,4,4,5,3,3,4,4,4,4,4,4,5,male
4,3,4,3,5,4,4,5,5,3,5,4,4,4,5,5,5,2,3,3,female
4,4,2,3,3,4,4,3,4,4,5,1,2,4,5,5,5,2,2,2,female
2,4,3,2,2,3,2,5,4,3,2,4,1,4,4,5,4,3,3,3,female
2,4,1,4,4,5,4,5,4,3,4,2,2,3,2,2,3,3,2,3,female
3.31297709923664,3.50954198473282,2.36450381679389,3.55916030534351,3.95801526717557,3.99045801526718,3.63931297709924,4.27671755725191,3.90267175572519,3.66793893129771,2,5,3,3,4,4,4,1,3,5,female
5,5,4,4,4,5,5,5,4,5,5,5,5,5,5,5,5,5,5,5,female
3,2,1,4,4,5,2,5,4,5,3,3,2,4,4,4,5,3,2,5,female
2,2,4,4,2,2,4,2,4,4,3,2,3,4,2,3,2,2,3,3,female
2,4,4,1,5,4,4,4,4,2,5,3,3,4,3,2,4,1,2,4,male
5,2,3,4,4,4,3,3,3,3,4,4,3,4,4,3,4,2,3,4,female
2,4,1,4,5,4,5,5,3,5,3,4,2,4,4,3,4,4,3,5,male
4,4,1,3,4,3,4,5,2,4,5,5,2,4,4,2,4,1,1,5,male
2,3,3,3,3,3,3,3,3,3,3,3,3,4,3,2,3,3,4,3,male
4,2,4,3,5,4,4,5,4,5,4,4,3,5,4,3,4,3,3,4,male
3,4,2,3,4,4,4,4,4,3,4,4,3,4,4,2,4,3,3,4,male
2,4,2,2,4,4,2,4,4,4,3,3,3,2,3,2,3,2,2,3,male
5,2,4,4,4,4,4,4,4,2,4,3,4,2,3,2,2,2,2,2,female
2,3,1,2,2,3,2,2,1,2,3,3,3,3,3,2,3,2,3,3,female
5,3,2,4,4,4,4,4,4,4,4,4,3,4,4,4,4,4,3,4,female
5,2,2,4,4,3,3,4,4,3,4,3,2,2,3,3,3,2,1,5,female
3,5,2,3,3,4,4,5,4,3,5,5,4,3,3,3,2,5,4,3,female
2,4,1,2,4,4,5,5,5,4,5,4,4,4,3,2,4,1,4,3,female
5,3,1,5,5,5,4,5,5,5,5,5,4,5,5,3,5,5,3,5,female
5,4,4,4,5,4,4,4,4,4,4,2,2,2,3,1,3,2,2,3,female
5,3,1,3,4,4,4,3,4,3,5,4,4,4,4,1,2,1,3,5,female
2,4,4,3,4,4,1,5,4,4,5,5,4,5,5,2,4,2,4,5,male
4,4,4,4,4,4,4,5,4,4,5,4,4,4,4,4,4,4,4,4,male
5,2,2,4,5,4,4,5,5,3,5,1,2,5,5,1,2,1,4,4,female
3,4,3,4,2,2,4,3,3,4,3,2,3,3,3,2,4,5,3,5,female
2,4,2,4,4,4,2,5,4,4,4,2,3,4,5,3,4,4,4,4,female
2,2,1,2,1,1,4,1,4,4,3,3,5,4,4,3,5,2,2,5,male
2,4,2,3,3,4,4,3,4,4,4,3,4,4,3,3,4,3,4,3,female
4,3,1,4,4,3,4,5,4,4,2,5,4,3,2,1,3,2,3,5,female
4,4,5,4,4,4,2,5,5,3,5,4,4,2,4,4,5,2,3,5,male
2,4,2,4,3,4,4,3,4,3,4,4,2,3,3,2,3,3,5,3,female
2,4,2,4,4,4,4,4,2,4,4,2,2,4,4,2,4,2,2,4,female
2,2,2,2,4,2,3,4,4,3,5,4,5,5,5,4,4,1,4,4,female
1,5,2,2,4,2,4,5,4,4,3,2,1,4,2,1,4,3,1,4,female
4,3,1,1,3,3,2,3,4,4,4,4,4,3,4,2,3,2,3,3,male
2,3,1,3,4,3,4,4,4,2,4,4,4,2,2,3,4,3,4,3,female
2,4,2,4,4,4,4,5,4,4,4,1,2,3,3,4,4,1,2,4,female
3,2,2,4,4,4,3,4,4,4,4,2,3,2,4,3,2,2,3,3,female
2,4,2,3,4,4,4,4,4,3,4,4,4,3,4,2,3,4,4,3,female
2,4,3,3,3,4,4,4,4,3,4,3,3,4,3,1,4,1,4,4,female
1,2,1,5,5,2,4,4,3,4,5,5,3,4,3,4,3,5,3,4,female
2,2,3,4,5,5,3,5,4,4,4,5,3,4,4,2,4,5,3,5,male
2,5,1,4,4,4,5,5,4,3,5,2,2,4,3,2,5,4,5,5,female
4,2,1,2,4,3,3,4,4,3,5,4,2,5,3,4,4,2,3,3,female
5,3,1,4,4,3,2,3,4,3,5,4,4,3,2,2,2,2,3,3,female
4,3,4,4,4,4,4,4,3,3,4,4,2,2,2,3,2,4,3,2,male
3,4,4,3,4,4,4,4,4,4,4,3,4,3,3,3,3,3,2,4,female
2,4,2,3,5,5,5,5,4,4,5,5,3,5,3,3,4,2,4,5,female
2,2,1,3,3,5,3,4,4,3,4,4,4,2,4,4,2,1,3,2,female
3,4,3,3,4,3,3,3,3,3,3,3,3,2,3,3,2,3,3,2,female
1,1,5,1,1,1,1,1,3,1,1,2,2,2,3,3,3,3,4,2,female
2,5,4,4,5,5,4,5,4,4,5,1,2,5,3,4,5,2,2,5,male
2,3,1,3,4,5,4,5,4,2,5,5,4,3,5,4,5,4,4,4,female
5,2,5,1,2,2,2,3,5,2,5,3,5,1,4,5,4,4,5,1,female
3,4,2,4,4,5,4,4,4,4,5,5,4,4,4,2,4,2,3,4,female
5,4,2,4,4,5,5,3,5,3,5,4,4,4,5,5,5,2,5,5,female
4,4,2,3,4,4,4,4,4,3,5,3,4,3,4,3,4,3,1,4,female
3,4,2,4,4,5,4,5,4,4,4,1,3,3,4,2,3,1,3,4,male
2,4,2,4,5,5,4,5,3,5,5,5,4,4,4,4,2,4,4,2,female
1,5,4,3,4,5,4,4,4,4,4,4,2,4,3,4,4,1,3,4,female
3,4,4,4,4,5,3,5,4,4,4,3,2,5,4,3,4,2,2,3,female
3,1,1,2,4,4,5,4,4,3,4,5,3,3,3,3,4,4,4,4,female
4,2,2,1,2,4,4,4,4,2,3,4,2,4,2,3,2,1,2,3,female
2,4,1,3,4,4,4,5,3,3,4,4,3,4,4,2,4,3,2,4,female
5,4,1,5,5,5,5,5,4,5,4,3,2,4,4,1,4,1,1,4,female
4,4,4,4,4,4,4,5,3,3,4,3,2,3,4,1,3,1,2,4,female
4,4,1,5,5,5,2,5,5,5,5,5,1,5,5,1,5,2,1,5,female
5,3,1,4,4,5,4,5,4,4,5,3,2,3,4,3,4,2,3,4,female
2,4,1,3,4,3,4,5,3,4,5,3,2,4,4,3,4,4,2,3,male
3,4,2,5,4,5,4,5,2,4,4,2,3,3,4,3,2,4,3,4,female
3,3,2,2,4,4,3,3,3,3,3,4,3,3,2,2,3,2,3,3,female
4,4,2,4,4,5,5,4,4,4,4,4,3,3,4,3,4,5,3,3,female
2,4,2,3,4,5,4,5,5,3,5,5,3,3,3,2,4,2,4,2,female
2,1,2,4,4,4,4,4,4,2,5,3,2,3,4,2,3,3,2,3,male
2,2,2,5,4,5,4,5,4,5,4,4,2,5,3,1,4,2,1,4,male
2,3,4,2,4,4,4,4,4,2,4,3,3,4,3,2,3,4,2,3,male
2,4,3,2,4,4,4,5,4,3,5,2,3,5,4,2,2,2,2,3,male
5,5,1,4,5,3,4,5,4,4,5,4,5,2,5,3,4,5,5,3,male
5,3,2,5,4,5,5,5,4,5,4,5,3,3,5,2,4,5,3,4,male
4,4,1,4,4,4,4,4,4,4,4,4,3,3,3,4,4,3,4,4,female
3,4,4,3,3,2,3,5,4,4,5,5,4,5,4,5,5,5,4,3,female
1,5,1,4,5,5,5,5,1,5,5,5,1,5,5,1,5,5,1,5,female
5,4,3,4,4,4,4,4,3,2,3,4,4,2,4,3,3,4,1,4,male
4,4,3,2,2,5,4,4,4,5,5,5,5,5,5,5,5,5,5,5,female
3,3,3,3,3,3,3,3,3,3,4,4,2,3,4,2,4,4,4,4,female
4,4,3,3,3,2,3,3,4,3,4,4,3,3,2,2,2,2,2,3,male
5,5,5,2,5,4,4,5,5,1,5,5,5,4,5,5,5,5,5,5,female
2,3,4,4,5,4,2,5,4,3,4,4,3,4,5,4,4,4,1,4,male
4,3,5,3,5,3,3,5,5,3,4,3,4,3,3,4,3,2,3,2,female
2,4,4,4,4,4,2,5,4,4,5,4,4,4,5,2,4,4,3,4,female
4,3,1,3,3,3,3,4,3,4,5,3,4,3,4,4,5,3,4,5,female
5,5,1,5,5,5,5,5,3,5,5,5,1,5,5,5,5,3,3,5,female
4,5,4,5,5,5,5,5,5,5,5,5,5,5,5,3,5,2,3,5,female
4,3,1,4,3,5,4,5,4,4,4,4,3,2,3,3,2,3,3,2,female
5,4,1,4,5,5,5,5,2,2,5,5,1,5,5,1,5,5,1,5,female
4,4,4,4,4,4,2,5,5,2,2,2,5,4,2,5,2,2,4,2,male
5,4,1,4,4,4,4,4,2,4,3,4,2,4,4,2,4,3,2,4,female
4,4,4,4,4,4,4,4,4,4,3,3,3,3,3,3,3,3,3,3,female
4,4,1,4,4,4,4,4,3,4,4,3,3,3,4,3,4,2,3,4,female
4,4,3,3,4,4,3,4,4,3,4,3,3,4,3,3,4,3,3,3,female
4,3,1,4,3,4,4,4,2,3,4,3,1,4,4,3,4,3,1,4,female
5,5,1,2,5,5,4,5,5,2,3,3,2,4,4,2,4,4,3,4,female
2,3,4,4,3,4,4,5,5,4,3,5,1,3,4,4,4,4,3,3,female
4,2,2,2,3,4,2,2,5,3,4,4,4,4,4,4,4,3,4,3,male
4,5,2,3,4,4,4,5,3,4,5,4,3,4,4,4,4,3,2,3,male
5,4,1,3,5,3,4,5,2,4,5,2,3,4,3,4,2,3,3,3,male
2,4,1,1,4,5,4,4,4,1,4,5,3,3,3,4,2,2,2,4,female
5,4,2,3,5,5,5,4,5,4,4,5,3,4,4,3,5,4,4,4,female
4,3,1,4,4,4,3,5,5,3,5,4,4,4,3,2,2,1,4,3,female
5,4,2,4,5,5,5,5,4,5,5,3,4,4,5,3,5,2,3,4,female
3,4,4,4,4,2,2,2,5,5,3,3,3,3,2,3,3,1,2,3,female
2,4,3,4,4,4,4,4,4,4,4,4,4,3,3,3,4,2,3,3,male
5,3,1,1,5,5,2,5,5,4,5,4,1,2,4,2,4,1,1,2,female
4,4,4,3,4,4,4,5,4,3,3,3,3,3,3,3,3,3,3,3,male
3,4,2,4,4,4,3,4,4,4,4,1,1,5,3,1,4,1,1,4,female
4,3,2,4,3,3,3,4,3,4,4,4,2,3,3,1,3,3,2,3,male
4,4,1,5,4,4,5,5,4,5,4,5,5,5,5,4,5,5,2,5,female
4,3,4,3,3,3,3,3,3,4,4,4,4,4,4,4,4,4,3,3,female
3,4,1,4,4,4,3,5,4,3,5,5,3,5,5,3,5,5,3,5,female
4,4,1,3,4,4,3,5,5,4,4,3,3,3,1,2,3,1,3,4,female
4,4,2,4,4,4,4,4,4,4,4,2,2,4,4,2,4,2,2,4,female
5,3,4,4,5,5,4,4,5,5,3,4,3,4,4,3,3,4,3,3,male
4,4,2,4,4,4,4,4,4,3,2,3,3,3,2,2,5,1,1,4,female
1,1,3,4,4,1,1,5,5,2,5,1,2,4,3,5,3,4,2,1,female
4,4,3,4,4,5,4,5,5,4,5,4,4,3,4,5,4,5,4,3,male
3.31297709923664,3.50954198473282,2.36450381679389,3.55916030534351,3.95801526717557,3.99045801526718,3.63931297709924,4.27671755725191,3.90267175572519,3.66793893129771,4,4,3,4,4,4,4,2,2,4,male
5,2,5,4,5,5,4,5,4,3,5,5,2,1,2,5,2,5,2,5,male
5,3,1,5,4,5,5,5,4,5,5,4,3,4,4,2,3,2,2,5,male
2,5,2,4,4,4,3,5,4,4,3,5,3,2,3,1,2,3,3,3,female
4,3,1,5,4,4,5,4,5,5,4,4,2,3,4,2,4,4,2,2,female
4,3,2,4,4,5,5,4,2,4,4,4,2,4,4,3,4,2,4,4,female
4,4,2,3,4,4,4,4,3,3,4,2,2,4,4,2,4,3,2,4,female
5,4,2,3,5,5,5,4,5,4,4,5,3,4,4,3,5,4,4,4,female
3,4,4,4,4,4,4,5,4,4,5,4,4,1,4,3,4,3,1,5,female
3,2,4,2,4,3,2,3,2,2,3,2,1,2,1,2,4,2,2,2,female
5,4,5,4,4,5,3,5,5,4,5,3,3,5,5,5,5,5,3,5,female
4,4,2,4,4,4,3,4,2,4,5,5,5,5,5,5,5,5,4,5,female
2,4,1,3,4,3,4,5,3,3,4,1,2,3,3,1,4,1,2,3,female
2,5,1,4,5,5,5,5,4,5,5,3,2,4,4,1,5,1,1,5,male
3,3,4,2,3,4,3,4,5,2,3,5,2,4,3,3,4,4,4,3,female
3,4,1,4,5,5,1,4,5,3,5,4,3,4,5,1,3,1,3,4,female
5,1,4,5,4,5,2,5,3,4,5,5,2,3,1,5,2,5,3,4,female
5,4,1,4,4,4,4,3,5,4,5,5,4,5,5,4,5,4,4,4,female
4,4,2,3,3,5,3,4,4,3,4,4,3,3,3,4,4,5,4,4,female
2,4,4,3,5,4,4,5,4,4,4,4,3,3,4,2,4,2,2,4,male
4,5,3,2,5,4,4,4,4,2,4,5,3,4,5,3,3,3,2,5,male
1,1,2,1,5,1,1,2,5,2,5,2,2,3,5,2,4,2,3,5,female
3,4,4,2,5,3,3,3,3,4,3,3,3,1,2,3,2,3,1,1,female
4,3,1,2,4,2,3,5,3,2,4,3,4,1,3,5,4,3,3,2,female
3,4,4,4,4,4,2,4,5,5,3,4,4,3,3,2,3,2,4,4,male
3,4,5,4,3,3,4,4,5,4,4,5,4,1,1,4,3,5,4,3,female
2,2,4,1,4,4,3,5,4,3,4,5,4,1,3,3,2,5,4,3,female
1,2,1,1,3,4,4,4,5,1,2,3,4,2,4,4,1,1,1,1,female
4,5,2,4,4,5,4,5,4,5,3,5,2,5,4,3,3,4,3,3,female
4,4,2,5,5,5,4,4,4,4,2,5,2,5,4,1,3,4,1,5,male
4,2,2,2,4,3,3,4,4,2,2,2,1,2,1,2,1,2,2,1,female
4,4,3,3,5,4,4,5,4,3,5,4,4,4,4,3,4,4,4,4,male
5,1,2,4,4,5,4,5,5,4,5,5,1,4,4,1,4,4,4,3,female
2,4,2,3,4,3,3,3,4,4,2,5,5,2,3,5,3,5,5,2,female
3.31297709923664,3.50954198473282,2.36450381679389,3.55916030534351,3.95801526717557,3.99045801526718,3.63931297709924,4.27671755725191,3.90267175572519,3.66793893129771,2,2,2,2,3,2,2,2,3,3,male
1,4,5,1,4,1,2,4,5,2,4,4,4,3,4,5,4,1,4,5,female
3,4,1,4,4,5,5,4,3,4,3,4,1,4,4,1,3,1,1,4,female
4,4,1,4,4,5,4,5,4,4,2,3,1,4,4,1,4,3,3,4,female
4,4,1,4,4,3,4,5,3,3,4,4,2,4,4,2,4,4,2,4,male
4,4,1,4,5,5,4,5,4,4,5,5,2,5,5,2,5,4,1,5,female
3,4,1,3,3,4,4,4,3,3,4,1,1,4,3,1,4,3,1,3,female
4,4,1,4,4,4,4,5,4,4,4,5,1,1,2,2,3,2,2,5,female
2,4,2,3,4,4,4,4,4,4,3,4,3,2,3,3,3,3,2,4,male
3,1,1,4,4,4,4,3,5,3,1,3,2,2,1,3,2,3,4,3,female
2,5,2,5,4,5,4,5,4,4,3,2,1,5,3,1,2,1,1,5,female
3,3,2,3,3,3,3,3,3,3,4,3,3,4,4,3,4,3,3,4,male
3,5,4,4,4,3,4,5,4,4,2,4,3,3,1,3,3,3,2,3,male
4,4,1,3,4,4,3,4,4,4,5,4,3,4,3,3,4,4,3,4,female
4,5,2,5,5,5,4,5,5,5,5,5,4,5,5,4,5,4,4,4,female
3,4,3,4,4,4,3,5,4,3,4,4,2,4,3,1,4,2,2,4,male
1,5,2,2,4,2,4,4,4,4,3,3,1,3,2,2,2,2,2,3,female
2,5,4,2,4,4,4,5,4,3,5,4,4,2,5,2,4,2,3,5,female
4,4,1,4,4,4,4,5,4,4,4,4,2,3,4,1,2,1,2,3,female
4,4,1,4,5,5,5,5,5,5,5,5,3,5,3,1,5,5,1,5,male
5,3,5,4,5,3,2,5,5,5,5,4,5,5,5,5,3,1,3,2,female
1,4,5,1,4,5,2,4,5,1,5,1,5,4,4,5,2,1,5,4,female
1,4,1,4,4,5,5,5,4,3,5,4,1,5,5,3,5,2,2,5,female
2,4,1,4,3,4,3,5,4,4,3,1,2,3,4,1,5,2,1,5,male
5,4,1,5,5,5,5,5,4,5,5,5,2,5,4,1,4,1,2,5,female
4,2,1,4,5,4,4,4,4,4,4,4,3,3,2,4,2,1,2,4,female
5,2,1,3,5,4,4,4,4,2,5,5,2,2,2,1,2,3,2,2,female
4,4,2,4,4,5,2,5,5,4,4,5,4,5,4,2,4,3,4,5,male
5,4,2,3,5,4,4,5,5,3,5,5,4,4,5,5,4,5,4,3,female
3,2,4,3,3,4,3,4,4,3,4,2,2,3,3,4,4,4,2,4,male
5,5,3,4,5,5,5,4,4,4,4,5,2,2,4,2,4,4,2,4,female
4,4,4,4,4,2,4,4,4,4,4,4,4,4,4,2,4,4,1,4,male
2,3,1,3,4,5,4,4,4,2,5,5,2,4,4,3,4,3,2,4,female
4,4,2,3,4,4,4,3,4,4,4,3,4,4,2,4,3,2,4,3,female
5,4,5,4,4,5,2,5,5,4,5,1,5,3,5,5,3,2,5,4,female
1,5,5,5,4,5,4,4,4,5,5,5,4,4,2,5,5,5,5,4,female
5,4,2,3,5,5,4,4,3,4,3,3,2,2,3,4,4,3,2,3,female
4,3,4,5,4,5,5,4,4,5,4,4,4,5,5,5,4,4,4,5,female
4,3,1,4,4,4,4,4,2,4,5,3,2,4,4,2,3,1,1,3,female
2,4,1,4,5,4,5,5,4,4,4,4,3,4,4,1,4,2,4,4,female
4,2,1,4,4,5,4,5,4,3,4,4,4,4,4,2,4,3,3,4,male
2,5,2,4,4,4,4,4,4,4,5,4,2,4,3,2,4,2,2,4,female
4,4,2,4,4,4,4,4,4,4,4,3,2,4,4,2,4,3,2,5,male
3,4,3,3,5,4,2,4,4,2,2,5,4,5,5,5,4,5,3,5,female
4,3,2,4,4,4,4,4,4,4,2,2,2,2,2,2,2,2,2,2,female
1,5,2,5,5,3,4,5,5,5,5,5,5,5,4,5,5,5,5,5,female
5,4,1,4,4,4,4,4,3,4,5,5,3,4,5,3,5,5,3,5,female
1,3,4,3,4,4,3,5,4,3,5,4,2,3,5,4,3,5,3,3,female
4,3,1,4,4,5,5,4,4,4,5,4,3,4,5,3,4,3,3,2,female
4,3,3,3,3,3,3,4,4,3,3,3,3,3,3,2,3,3,3,2,male
4,5,1,4,4,5,3,5,4,2,5,5,2,4,4,2,4,5,2,4,female
2,3,2,4,3,4,4,4,5,4,5,3,2,4,4,2,4,2,2,4,female
1,4,2,4,5,5,5,5,4,5,4,4,2,5,5,1,2,1,3,4,male
4,4,2,4,4,4,4,5,4,4,5,4,3,4,4,4,3,5,4,4,female
3,4,1,4,3,4,4,4,4,2,4,4,3,2,3,4,3,3,3,3,female
2,4,4,4,3,4,3,3,4,4,4,4,4,3,3,2,3,5,3,3,female
4,4,5,3,3,4,1,3,4,4,3,4,4,2,2,3,3,2,4,3,male
4,2,2,3,4,4,2,4,5,3,5,4,3,4,4,3,4,4,3,4,male
3,4,1,4,4,5,5,4,3,4,3,2,1,4,4,1,3,1,1,4,female
3,3,2,4,3,4,2,4,3,4,1,1,1,4,1,1,4,1,3,4,female
4,3,1,4,4,4,4,4,4,4,5,3,2,5,5,2,4,2,2,4,male
4,3,2,4,5,5,4,5,4,5,2,3,1,4,4,1,3,1,1,4,female
3,5,1,5,5,4,5,5,3,5,4,5,2,5,5,1,5,3,2,5,male
5,3,3,3,4,5,4,4,4,4,3,5,4,2,4,5,4,4,4,4,female
1,1,1,5,4,4,4,4,4,4,3,2,1,2,2,1,2,2,2,2,female
3,3,4,3,3,3,2,3,3,4,3,3,2,3,4,3,4,4,3,4,male
5,3,1,3,5,4,4,5,5,4,5,5,1,1,5,1,1,5,2,1,female
4,3,4,3,4,4,3,3,4,2,5,4,4,1,4,1,4,3,3,3,male
3,3,1,3,4,5,4,4,3,3,5,2,1,4,3,1,4,1,1,5,male
2,2,5,2,4,1,1,2,4,4,4,2,4,2,2,2,4,3,5,5,female
2,4,2,4,2,3,4,5,3,4,3,1,3,2,3,2,3,2,3,3,male
5,4,2,4,5,4,5,5,4,5,5,4,2,4,4,3,4,2,2,5,male
4,4,2,4,3,3,3,3,3,3,5,4,2,3,3,3,3,3,3,3,female
2,3,4,3,4,2,2,4,5,4,4,2,4,4,1,2,2,1,4,4,female
3,4,2,2,4,3,5,4,4,2,5,5,4,5,2,4,4,2,3,5,female
2,4,3,3,5,4,4,5,4,3,3,4,4,5,2,3,3,2,1,5,male
1,4,3,4,4,4,2,5,5,4,5,5,5,3,5,4,2,5,5,2,female
1,2,2,4,4,5,4,5,5,5,5,5,2,2,5,5,5,5,4,5,female
4,2,4,3,4,4,2,4,3,2,5,5,4,2,3,2,2,3,3,3,female
5,4,2,3,5,5,4,5,4,3,5,5,3,5,4,2,4,2,2,4,female
4,4,2,4,4,4,4,4,4,4,5,4,4,4,4,1,4,4,2,4,female
2,4,4,1,5,4,4,4,5,2,3,3,3,3,3,3,3,2,4,3,male
5,4,1,4,5,5,5,4,5,4,4,5,1,5,3,1,5,1,1,5,female
5,3,3,4,4,3,4,3,3,4,4,5,3,5,5,4,4,2,3,2,male
3,4,2,2,4,3,3,3,4,4,4,3,2,4,4,4,4,4,1,4,male
4,4,3,2,4,5,4,4,4,4,4,4,4,3,3,1,2,1,2,4,female
4,2,3,4,2,4,3,3,4,3,3,4,3,3,4,3,2,3,2,4,male
4,1,5,5,4,3,2,4,5,4,2,2,3,2,4,3,2,3,2,2,male
1,5,1,4,5,5,5,5,5,5,4,5,2,4,5,1,5,5,2,5,male
5,5,2,3,5,5,5,5,5,5,5,5,5,5,5,1,5,1,1,5,male
2,2,2,3,3,3,2,3,4,3,2,1,3,2,3,3,2,2,2,1,female
2,4,1,4,4,5,4,4,4,5,5,2,3,4,4,3,2,3,3,2,female
4,2,2,4,5,4,5,5,4,4,4,4,1,2,2,2,3,3,2,4,male
5,4,2,4,4,4,4,4,4,4,4,4,2,2,4,2,4,4,2,4,male
1,5,4,3,2,2,3,4,3,3,5,5,3,3,2,2,2,3,2,2,male
4,4,4,5,4,4,4,4,2,4,5,4,3,3,4,3,4,3,3,3,female
2,3,3,4,3,4,4,4,4,4,4,4,3,3,4,3,3,4,3,2,female
4,3,4,4,4,5,2,5,5,3,5,1,3,5,5,4,4,3,3,5,male
1,5,4,5,5,5,4,5,4,5,5,5,1,5,4,2,5,5,4,5,male
4,4,3,4,4,5,5,5,5,4,5,5,3,4,5,4,4,4,3,4,male
2,4,1,4,4,3,4,5,3,4,2,1,3,4,4,1,4,1,1,4,male
2,3,3,5,3,3,3,5,5,5,2,3,1,2,2,1,5,4,3,5,male
3,4,1,4,4,5,5,5,3,4,4,4,1,3,5,2,2,3,1,4,female
4,5,3,4,4,5,3,4,4,5,5,3,4,3,3,3,4,5,3,3,male
2,5,2,5,5,5,4,5,5,5,5,4,1,5,5,1,5,2,2,5,male
5,4,1,4,5,5,5,5,4,5,5,4,2,3,5,1,4,3,2,2,female
4,4,5,5,3,5,2,4,5,5,5,2,2,2,4,5,2,1,2,2,male
4,4,2,4,4,4,4,4,4,4,4,4,3,3,4,3,4,2,3,3,female
5,3,4,4,4,4,4,4,5,5,4,3,4,4,2,3,3,5,3,5,male
4,4,1,3,4,4,4,4,4,3,3,2,2,3,3,1,2,2,2,2,female
5,4,1,3,4,5,5,5,5,4,5,4,4,3,4,2,3,3,4,4,male
5,4,2,4,4,2,2,4,2,3,3,1,3,3,3,2,3,4,3,2,female
4,3,4,4,4,4,4,3,4,4,4,5,4,4,3,3,3,5,3,3,male
2,3,3,4,4,5,2,5,5,3,5,5,5,2,4,4,2,5,4,4,female
4,3,2,4,3,4,2,5,4,4,3,4,1,4,4,1,2,2,1,2,male
2,4,1,4,5,5,5,5,4,4,1,5,1,5,5,4,4,1,3,4,female
4,2,1,3,4,3,4,4,5,3,4,5,4,5,1,5,4,3,5,3,female
1,2,5,5,5,1,1,4,5,5,4,5,5,1,5,5,2,5,5,1,female
5,2,3,2,5,5,5,5,5,5,4,1,2,5,5,5,5,3,5,5,male
1,3,3,4,4,3,2,2,3,4,3,5,4,5,1,2,3,4,4,3,female
3,5,1,5,3,5,5,5,4,5,5,2,2,5,5,1,5,3,1,5,female
2,4,3,4,4,5,4,5,5,5,5,1,3,5,5,3,3,5,3,5,female
2,4,4,3,5,2,2,2,4,3,4,5,2,5,4,3,5,2,3,5,female
2,4,3,3,4,4,4,5,3,4,4,4,2,4,4,2,4,4,1,4,female
5,4,1,5,4,5,5,5,4,3,4,4,2,4,4,1,3,1,2,4,female
2,4,2,4,4,4,3,5,4,4,3,4,1,4,4,1,4,1,1,5,female
3,5,4,3,4,3,4,4,4,3,5,1,1,5,5,3,5,3,2,4,male
5,4,4,4,5,4,4,5,5,4,4,5,5,5,5,5,5,5,2,5,female
2,4,3,5,3,4,3,3,3,3,4,4,3,3,3,3,3,3,2,2,female
2,4,2,5,4,4,4,4,4,5,3,4,3,3,4,1,5,5,2,5,male
3,3,5,3,2,5,4,3,3,2,2,5,5,2,1,5,4,2,5,4,female
4,4,1,5,4,5,4,4,3,5,4,3,4,4,4,3,4,2,3,5,female
4,3,3,4,4,5,2,5,5,4,4,4,2,4,4,3,4,2,1,3,female
5,3,1,5,5,5,5,5,4,5,5,5,5,5,5,1,5,5,5,5,female
4,3,1,3,2,4,3,5,4,5,4,4,3,4,4,4,3,4,2,3,male
5,4,1,4,5,4,4,4,4,5,5,2,2,3,5,2,5,4,2,4,female
4,5,1,4,4,4,4,5,4,5,3,3,2,3,2,1,2,3,2,2,female
5,3,1,5,5,5,5,5,5,4,3,5,4,5,5,3,1,5,4,5,female
2,2,3,4,3,4,3,4,4,5,3,3,3,5,2,4,5,5,4,5,male
2,4,1,4,4,3,4,5,5,4,4,2,1,3,4,1,4,2,2,5,female
4,2,2,4,4,3,3,3,4,4,4,4,3,3,3,3,3,2,3,3,female
5,2,3,4,5,3,3,4,3,4,1,1,1,5,1,5,3,1,3,3,female
3,5,3,5,3,4,5,5,5,5,1,1,1,1,1,1,1,4,3,3,male
4,2,4,4,3,4,2,4,5,4,4,2,3,1,3,3,2,3,2,3,male
4,2,3,4,4,4,3,5,5,4,3,5,4,5,4,5,5,3,4,5,female
3,4,1,2,3,1,3,2,3,3,2,5,2,2,2,1,2,1,1,3,female
4,4,2,4,4,4,4,5,3,3,5,4,3,5,5,3,4,4,3,5,male
4,3,2,3,4,3,3,5,4,3,4,4,2,3,3,3,3,2,3,4,female
3,4,1,3,4,4,4,5,4,4,4,2,3,2,3,3,2,1,2,3,female
2,4,2,3,5,3,3,5,4,3,5,3,2,3,5,4,4,3,4,3,male
2,2,4,2,3,4,4,4,4,3,4,4,1,4,4,2,2,4,3,2,male
2,4,3,4,2,5,4,4,5,4,3,4,3,5,4,3,2,1,3,5,female
2,2,4,3,4,3,2,4,4,3,5,4,4,3,4,4,3,3,4,2,male
4,4,3,4,3,4,4,4,4,4,4,2,3,4,4,4,4,3,3,4,male
5,3,2,5,4,5,4,4,4,4,5,3,3,4,4,2,4,3,2,4,female
2,3,2,3,5,5,4,5,3,3,5,5,2,1,1,1,2,3,2,2,male
3,3,2,3,4,5,4,4,3,3,5,2,3,5,3,3,3,1,2,5,female
1,3,3,1,4,2,1,3,5,1,4,5,3,4,4,3,3,4,4,5,female
3,2,1,5,3,5,5,4,4,4,2,1,1,4,3,3,3,3,2,5,female
5,5,1,5,5,3,4,2,5,5,5,5,2,1,5,4,5,5,2,5,female
3,4,1,3,3,3,3,3,2,3,4,3,3,3,3,4,3,2,3,3,female
2,2,1,4,4,5,5,5,4,4,5,3,3,5,4,5,5,4,1,5,male
3.31297709923664,3.50954198473282,2.36450381679389,3.55916030534351,3.95801526717557,3.99045801526718,3.63931297709924,4.27671755725191,3.90267175572519,3.66793893129771,3,5,5,2,1,1,1,2,4,2,male
3.31297709923664,3.50954198473282,2.36450381679389,3.55916030534351,3.95801526717557,3.99045801526718,3.63931297709924,4.27671755725191,3.90267175572519,3.66793893129771,5,2,3,4,4,1,5,1,2,5,female
2,2,2,2,4,5,5,5,5,1,4,1,2,2,3,3,2,4,4,2,female
3,4,2,2,4,4,4,5,5,3,4,2,2,2,4,2,1,3,3,4,female
3,4,2,3,5,5,4,5,4,4,4,3,2,4,4,2,4,4,3,4,female
5,4,2,5,4,4,4,5,3,4,4,4,3,4,4,3,4,3,3,3,male
2,4,4,2,3,4,3,3,4,4,5,1,2,2,5,4,3,4,5,4,female
4,4,5,4,4,4,2,5,5,4,5,5,4,5,5,4,5,3,4,5,male
4,4,2,4,4,4,4,4,4,4,4,4,4,4,4,4,4,4,4,4,male
2,4,1,4,4,5,4,4,5,3,4,5,2,1,3,1,3,5,3,3,female
2,2,1,2,4,4,5,4,5,2,5,3,5,5,5,5,5,3,1,4,female
3,3,3,4,4,3,3,3,4,3,3,4,3,3,3,3,4,3,2,2,male
5,4,1,3,4,4,3,5,4,3,4,4,1,4,2,4,3,4,2,4,female
5,5,1,5,5,5,5,5,2,1,5,5,1,5,5,1,5,1,1,5,female
5,4,2,3,3,4,4,4,3,3,2,4,3,4,3,2,4,4,3,4,female
3,3,4,2,2,4,5,5,3,5,2,4,2,4,3,3,4,5,4,3,male
4,2,1,5,4,4,5,5,4,5,5,3,3,4,4,1,2,2,3,4,male
2,4,1,4,4,3,4,5,5,4,4,5,3,5,3,1,3,2,3,4,female
4,4,3,4,3,4,3,3,4,3,4,4,2,4,1,3,4,4,1,5,male
2,2,3,5,4,4,2,5,4,5,5,4,1,5,4,3,4,1,2,2,female
1,5,1,5,3,3,3,3,3,3,5,5,1,2,2,3,2,5,2,5,female
5,5,1,4,5,5,5,5,5,5,5,5,2,5,4,2,3,2,4,4,female
3,4,1,5,5,4,5,5,2,5,4,5,1,4,5,1,5,2,1,3,female
4,2,2,2,4,4,4,4,2,3,2,4,3,3,3,4,3,2,3,4,male
2,3,2,5,3,5,3,2,5,5,4,4,4,2,2,3,1,1,5,2,female
4,1,5,3,3,2,1,5,5,3,5,5,3,4,4,4,4,3,3,3,female
5,4,2,4,5,5,5,5,5,5,5,2,1,3,4,1,4,1,1,5,male
5,4,1,5,4,5,5,5,4,4,4,2,3,3,4,1,3,2,2,4,female
5,4,2,3,4,5,1,5,4,4,5,5,4,4,4,3,4,3,3,3,female
1,4,5,2,2,5,2,4,5,2,5,1,4,4,5,5,5,2,3,5,male
2,5,3,4,4,5,5,5,5,4,5,4,4,5,5,2,5,5,5,4,male
4,3,4,3,1,1,3,3,2,3,4,4,4,4,4,5,5,3,4,4,male
5,3,5,1,1,5,1,1,5,3,1,5,5,1,1,5,1,5,5,1,male
3,3,1,4,4,4,4,5,4,4,4,1,1,5,4,1,4,1,1,5,male
5,4,2,5,5,4,4,5,4,5,5,5,3,4,4,4,4,4,3,4,female
2,2,4,3,4,4,3,4,4,4,4,3,2,4,1,4,4,1,2,4,female
4,4,4,4,4,2,4,4,3,3,3,3,3,4,4,3,4,4,4,4,female
4,4,1,4,5,4,4,5,4,2,4,3,2,2,3,2,2,4,1,3,female
5,4,5,3,5,5,2,5,5,3,5,4,5,4,5,5,5,3,4,5,male
5,5,1,5,5,5,5,5,1,5,5,1,1,5,4,1,5,1,1,5,female
5,3,3,4,4,5,5,5,5,4,5,5,1,5,5,1,5,4,3,5,male
2,2,4,4,3,4,2,4,4,4,4,1,2,2,2,2,3,1,2,3,male
2,4,2,4,4,4,4,4,4,4,4,4,1,4,1,1,4,4,1,4,male
2,4,3,4,3,4,4,5,5,5,5,4,4,5,4,4,4,5,5,5,female
2,3,1,4,2,5,4,4,5,4,5,4,3,2,4,4,5,4,4,3,female
1,4,1,4,4,4,4,4,3,4,3,4,3,2,3,3,3,3,4,2,male
3,4,2,4,5,4,4,3,4,4,5,5,5,4,5,4,5,5,3,5,male
2,4,2,5,5,4,4,5,4,4,5,4,3,2,4,3,3,3,3,3,female
5,3,1,5,5,5,4,5,3,3,5,5,5,5,5,1,5,5,3,5,male
5,5,2,4,5,5,5,5,4,5,5,1,2,4,5,1,4,2,1,4,female
3,4,4,3,3,3,3,3,3,4,4,5,3,3,4,3,4,4,3,4,female
4,4,4,4,4,5,4,4,4,4,4,2,3,3,2,4,4,2,4,4,female
1,5,1,4,5,5,2,5,4,4,4,3,2,4,4,3,4,4,4,2,male
2,2,2,2,2,2,2,2,2,2,5,4,4,4,5,5,5,4,5,5,male
1,5,5,5,4,5,5,5,5,5,5,5,5,5,5,1,5,5,1,5,male
4,4,1,4,4,4,4,4,4,4,4,4,3,4,4,2,4,3,2,4,female
4,4,1,5,5,5,4,5,5,4,5,4,2,4,5,3,5,3,5,5,female
5,5,1,3,5,4,5,5,5,4,5,5,2,5,5,2,5,3,2,2,female
5,2,2,3,4,2,4,5,2,3,5,4,4,4,5,2,4,5,3,2,female
2,4,1,3,5,4,4,5,4,2,4,5,2,4,5,2,3,4,2,4,male
5,5,4,4,5,4,4,5,5,5,5,5,5,3,4,4,3,4,4,3,female
4,3,4,4,2,4,4,3,3,3,1,1,1,3,1,3,3,1,1,3,female
4,3,4,5,4,4,4,5,4,4,3,4,3,4,3,2,4,3,4,2,male
2,1,1,5,4,3,2,4,3,5,4,4,3,3,4,1,2,1,1,3,male
4,4,2,4,4,4,4,4,4,4,3,3,3,3,3,3,3,3,3,2,male
2,4,4,4,2,4,2,4,4,4,5,5,4,3,3,3,3,3,3,4,female
4,2,4,4,4,5,2,4,4,2,4,5,3,2,5,5,4,4,4,3,female
4,3,3,4,3,3,3,2,3,2,4,4,3,4,4,4,4,4,4,4,male
5,5,1,4,5,5,5,4,5,5,1,1,1,3,3,1,5,1,1,5,female
1,2,2,1,1,1,4,3,2,3,5,5,4,3,4,4,4,3,4,4,female
5,4,2,4,4,5,5,5,5,4,5,4,2,4,4,5,5,2,2,4,female
3,3,2,3,4,4,4,4,4,3,4,5,3,3,4,3,3,3,4,4,female
4,4,3,4,5,5,4,5,4,3,5,4,4,4,5,4,3,5,3,3,female
4,2,3,4,5,4,5,5,4,4,5,1,2,5,4,4,5,5,4,5,male
4,4,1,4,5,4,4,5,4,5,5,4,2,2,1,1,4,2,2,3,female
1,4,3,3,3,4,5,4,3,4,5,3,2,1,5,2,2,5,3,3,male
3,4,4,3,3,4,4,5,4,3,4,3,2,3,3,2,3,2,2,3,male
1,5,1,5,4,5,5,5,2,4,4,4,2,3,4,1,3,1,1,5,female
5,4,1,3,5,5,5,5,3,2,5,4,2,5,4,1,5,1,2,5,female
2,2,2,3,2,2,2,2,2,4,2,2,2,2,3,2,2,1,2,2,male
4,5,2,4,4,4,4,4,4,4,5,5,4,1,5,5,3,5,5,5,female
2,3,1,4,4,5,4,5,4,4,3,4,2,5,2,2,3,1,3,3,female
2,5,3,5,5,5,4,5,4,4,5,5,5,5,5,5,5,5,5,5,female
3,3,3,3,5,3,3,4,4,3,3,2,3,4,4,2,4,2,2,4,female
3,4,1,5,3,5,4,3,4,5,2,3,2,4,4,2,4,2,2,4,male
4,4,4,4,4,4,4,5,4,5,4,4,3,4,4,2,3,3,2,3,male
3,3,4,5,4,5,5,5,4,5,4,3,2,5,4,3,4,1,2,5,male
3,2,5,2,5,5,4,5,2,5,4,1,1,2,2,2,2,2,2,2,male
3,2,4,3,4,4,2,3,3,4,4,4,3,4,2,4,3,4,2,3,male
2,2,1,4,3,4,4,4,3,3,5,3,4,4,3,4,3,4,3,3,female
2,3,1,4,4,4,4,5,4,4,3,4,2,4,3,2,4,2,1,4,male
4,4,4,2,4,4,3,3,4,4,4,4,2,4,2,3,3,2,3,3,female
3,3,1,3,5,2,5,5,5,5,5,4,3,3,4,3,4,3,3,2,female
4,2,4,4,4,4,2,5,4,4,2,2,4,4,2,3,3,3,4,2,female
3,3,3,3,3,3,3,3,3,3,3,3,4,3,4,4,3,4,4,3,female
4,4,2,4,4,5,5,4,4,5,3,4,3,4,4,3,4,4,4,4,female
3,4,5,2,5,5,2,5,4,2,5,5,2,4,5,5,4,3,4,5,female
1,5,2,4,5,5,5,5,5,4,4,1,1,1,4,1,4,3,4,3,male
4,2,4,4,1,5,4,4,2,4,1,5,1,4,1,1,4,5,1,4,male
4,5,3,3,4,4,4,4,4,3,3,3,3,2,2,2,2,2,2,2,female
2,4,2,4,4,5,3,3,4,4,2,3,3,5,3,1,3,2,3,3,male
4,2,4,4,3,4,3,3,2,5,1,2,1,1,2,2,3,4,4,2,female
5,2,1,5,5,5,4,5,2,5,5,5,2,2,4,2,1,2,2,3,female
4,3,1,4,4,4,3,3,3,4,4,2,2,4,3,1,4,3,2,3,male
5,4,2,3,2,3,2,4,3,3,5,5,5,3,5,5,5,5,4,3,male
4,5,3,3,4,3,3,5,4,3,5,3,4,3,4,3,5,3,4,3,female
4,4,2,4,3,4,5,4,4,5,4,4,3,4,4,2,3,3,4,4,female
3,3,1,3,3,4,4,4,3,3,3,2,3,4,3,2,2,2,2,2,female
3,4,1,3,4,4,4,5,4,4,3,3,2,5,2,5,5,1,2,5,female
2,4,3,5,4,4,4,5,4,5,4,5,4,5,4,2,4,5,4,4,female
5,3,4,5,3,4,3,5,4,3,5,5,4,5,4,5,4,4,4,4,female
4,4,1,4,4,2,4,4,4,4,4,4,4,4,4,4,4,4,4,4,female
2,3,2,1,1,2,1,3,3,3,2,3,1,3,1,2,3,2,1,4,male
4,4,2,3,4,4,4,4,4,4,3,2,3,2,3,3,2,3,4,2,female
2,5,5,5,2,4,1,5,3,4,2,5,1,5,1,5,5,5,1,5,female
4,4,1,4,4,4,4,4,4,4,5,4,4,3,4,4,4,2,3,3,male
4,4,1,5,5,5,5,5,3,5,5,3,1,4,5,1,5,3,1,5,female
3,5,2,5,5,5,5,5,3,5,5,5,5,5,5,2,5,5,5,5,male
3,4,4,4,4,4,4,4,4,4,5,3,3,3,3,3,4,4,4,4,male
4,4,1,4,4,4,4,4,4,4,5,5,5,4,5,1,3,3,3,2,female
3,4,1,5,5,3,4,4,2,5,3,3,2,3,3,2,3,2,3,3,male
1,5,4,2,3,3,1,5,5,5,5,5,5,5,5,5,5,1,5,5,female
5,5,2,4,4,4,3,5,4,4,3,5,2,5,4,4,4,3,3,5,female
4,4,2,5,4,5,4,5,4,5,4,3,1,3,3,1,4,1,1,4,male
2,4,2,2,4,4,4,4,5,2,4,2,3,2,2,3,3,2,3,4,female
4,2,1,3,4,3,2,4,3,3,4,2,2,4,2,3,2,2,2,2,male
1,4,1,4,4,4,4,4,3,4,5,2,3,4,5,2,3,3,4,3,female
5,4,1,4,4,5,5,5,4,5,5,5,3,4,3,3,4,4,4,4,female
4,4,2,4,4,4,4,5,4,4,4,1,2,3,4,4,2,2,2,3,female
3.31297709923664,3.50954198473282,2.36450381679389,3.55916030534351,3.95801526717557,3.99045801526718,3.63931297709924,4.27671755725191,3.90267175572519,3.66793893129771,4,4,2,4,2,3,4,2,3,5,female
4,4,2,5,3,5,4,4,3,5,2,3,2,1,1,1,2,3,2,2,male
2,5,4,4,3,4,4,4,3,4,4,4,1,4,2,1,2,1,1,2,female
5,4,4,5,3,5,5,5,4,5,3,5,3,5,5,3,5,4,2,5,female
4,3,3,5,4,4,4,5,4,4,3,3,2,4,3,2,2,2,2,4,male
5,4,3,4,4,4,4,4,3,4,5,5,3,1,5,4,4,4,3,2,male
2,4,1,4,4,5,5,5,2,4,2,3,2,3,3,1,3,3,3,5,male
5,5,1,5,5,2,3,4,3,3,5,5,4,3,1,2,2,1,2,5,female
3,4,2,5,5,5,5,5,5,5,2,4,4,4,5,5,5,2,4,5,male
